{
    "title"     : "正保城絵図 南部領盛岡平城絵図 (正保元年)",
    "attr"      : "正保城絵図 南部領盛岡平城絵図 (正保元年) 国立公文書館",
    "width"     : 5287,
    "height"    : 4631,
    "year"      : 1644,
    "gcps": [
        [[2283.31111111111295031,2707.84861111111240461],[15713269.64581691659986973,4822522.439699312672019]],
        [[2468.6912128712865524,2474.54733910891172854],[15713128.90537826344370842,4822612.92596426699310541]],
        [[2643.5,2411.97916666666560559],[15713092.61556892469525337,4822772.74620379600673914]],
        [[2759.27500000000009095,2267.61774691357868505],[15712965.51692934334278107,4822845.37399784196168184]],
        [[2646.36571782178180001,2198.00556930693164759],[15712902.61607200279831886,4822724.75998272933065891]],
        [[2835.50309405940515717,1937.22524752475328569],[15712680.84191517904400826,4822837.59244848042726517]],
        [[3018.9090346534649143,2080.51113861386238568],[15712749.86919616907835007,4823010.06426421646028757]],
        [[2910.36997215346536905,2870.01639851485106192],[15713493.9031832367181778,4823180.00251349899917841]],
        [[3122.43309096534676428,2549.05600247524716906],[15713230.73807236365973949,4823280.81653247680515051]],
        [[3649.72517017326754285,2305.46998762376188097],[15712659.44265460968017578,4823666.65168975573033094]],
        [[3302.41697530864439614,2700.7020061728408109],[15713282.61506830155849457,4823441.635219881311059]],
        [[4303.44396059116297693,3217.5829849032193124],[15714043.20660817436873913,4824449.90738908760249615]],
        [[2867.90339506173086193,3078.04274691358114069],[15713685.63786015287041664,4823112.02721378393471241]],
        [[3198.07654320987876417,3176.66589506172931578],[15713760.53189336881041527,4823289.24654431454837322]],
        [[3184.12414077134417312,3233.95601418249771086],[15713806.5727272629737854,4823268.49574594013392925]],
        [[3436.77314814814963029,3919.91280864197642586],[15714813.29533701390028,4823902.73908175155520439]],
        [[3716.99182095152400507,3320.28653220051546668],[15714229.44025785103440285,4823969.10707972384989262]],
        [[2186.85781194251512716,2841.00331147979522939],[15713409.30348958447575569,4822444.09600791335105896]],
        [[1880.23562725782994676,1906.25218535366934702],[15712657.14202102459967136,4822148.55122655443847179]],
        [[1725.43607770828043613,1367.43067634466024174],[15712231.55753587000072002,4821894.3827145854011178]],
        [[1603.38258671728954141,1400.17673490321885765],[15712302.48828339576721191,4821779.12024985626339912]],
        [[1659.94396059116343167,1605.58382949781343996],[15712441.39433063380420208,4821863.35051254276186228]],
        [[1543.84429842900112817,1641.30680247078635148],[15712494.59239127859473228,4821777.64252594951540232]],
        [[1609.33641554611813262,1840.76006823655234257],[15712636.45388633012771606,4821864.82823645044118166]],
        [[1680.78236149206441041,2046.16716283114692487],[15712784.9201385248452425,4821953.25178332347422838]],
        [[1487.28292455512723791,2105.70545111943511074],[15712871.81410671956837177,4821806.69926980044692755]],
        [[1317.5988029335057945,2159.2899105788947054],[15712958.70807491429150105,4821674.41293016076087952]],
        [[1403.92932095152355032,2498.65815382213804696],[15713262.8369635958224535,4821851.76741001941263676]],
        [[1341.41411824882106885,2278.36648715547107713],[15713100.72135129198431969,4821756.7676612101495266]],
        [[1171.72999662719939806,2317.06637454285828426],[15713187.61531948670744896,4821622.21170299779623747]],
        [[1240.1990281587309255,2549.26569886718289126],[15713347.78554444201290607,4821721.42645772732794285]],
        [[1790.92819482539744058,2397.44306373204744887],[15713085.80671495944261551,4822139.68473747093230486]],
        [[1624.22098761819052015,2445.07369436267845231],[15713146.76218518614768982,4822046.30614478420466185]],
        [[1558.72887050107328832,2337.90477544375971775],[15713099.42442639358341694,4821948.38831495307385921]],
        [[977.04812607205008135,1987.08759737548325575],[15712853.74273663014173508,4821160.15604967530816793]],
        [[2202.57711942873811495,1598.2023853513856011],[15712656.40315907076001167,4822400.87258363608270884]],
        [[2070.69847593098029392,1799.72480687604911509],[15712786.81229384429752827,4822326.61695731990039349]],
        [[2132.93334140183196723,1916.78562526169935154],[15712828.04289061762392521,4822348.00330111011862755]],
        [[2299.03364197530936508,1904.57021604938245218],[15712804.04978008382022381,4822483.53195250127464533]],
        [[2478.18866651394000655,1998.28366337829129407],[15712831.88287300243973732,4822574.87457366101443768]],
        [[2681.19287054981396068,2023.47396606887423332],[15712822.27766760811209679,4822676.83752322848886251]],
        [[1523.62456081758591608,2219.45123682505072793],[15713015.12430799566209316,4821894.24170044343918562]],
        [[1720.63097107399630659,2162.77815990197359497],[15712925.63649000413715839,4822040.46998274140059948]],
        [[1202.47712492015011776,2435.34867272248675363],[15713267.37620073929429054,4821673.44023648649454117]],
        [[1372.49635568938083452,2389.47046759428167206],[15713188.91224438510835171,4821806.375038574449718]],
        [[1758.41302235604757698,2286.91918554299945754],[15713007.34275860525667667,4822091.6985162291675806]],
        [[2615.55706115606062667,3047.00836725377212133],[15713584.33794831112027168,4822830.11549514997750521]],
        [[2194.04586129753852219,2163.21784116331127734],[15712948.98113817721605301,4822435.0593830905854702]],
        [[3175.20740740740802721,1801.65910493827163918],[15712382.22495756298303604,4823141.88345273397862911]],
        [[3333.86203703703904466,1628.71126543209834381],[15712087.49877441301941872,4823198.13757020141929388]],
        [[3406.04807692307667821,1270.17367788461524469],[15711761.3221624456346035,4823235.748392254114151]],
        [[3872.00138888889114241,990.16211419752801248],[15711525.9302933793514967,4823331.72083473857492208]],
        [[2386.22222222222262644,1793.08317901234522651],[15712745.68815986812114716,4822504.9312132466584444]],
        [[2250.43672839506234595,1708.75324074074023883],[15712706.1319506112486124,4822433.600344093516469]],
        [[2167.53611111111149512,1815.95231481481437186],[15712780.70513199828565121,4822390.15336015541106462]],
        [[2300.46296296296304718,2147.55478395061618357],[15712950.92652552574872971,4822525.84412598051130772]],
        [[2376.21697530864184955,2579.20972222222098935],[15713211.93265914544463158,4822558.75359633658081293]],
        [[2550.59413580246928177,2536.33009259259142709],[15713196.36956042051315308,4822719.57228315342217684]],
        [[2704.9608024691360697,2331.93719135802348319],[15713023.87854955904185772,4822816.84165018051862717]],
        [[2832.17037037037061964,2320.50262345678856946],[15712991.45542721822857857,4822892.06329401489347219]],
        [[3040.85123456790142882,2051.79027777777628216],[15712656.84880464337766171,4823050.2881310461089015]],
        [[4412.28472222222444543,1023.03649691357782103],[15711298.96843615546822548,4823605.37198830675333738]],
        [[2907.92438271604987676,1848.82669753086429409],[15712559.25520619750022888,4822925.29699469637125731]],
        [[3060.86172839506252785,1967.46033950617311348],[15712598.81141559965908527,4823054.34102209005504847]],
        [[3096.5947530864204964,1740.19830246913579685],[15712364.06800898537039757,4823066.66180862486362457]],
        [[3092.30679012345763113,1855.97330246913611518],[15712497.00281107239425182,4823095.84261883981525898]],
        [[3215.22839506172931578,1948.87916666666706078],[15712513.8628347534686327,4823167.82195070199668407]],
        [[3266.6839506172846086,1885.98904320987685423],[15712400.38190614059567451,4823202.19046051055192947]],
        [[3493.94598765432147047,2064.65416666666715173],[15712473.65816289931535721,4823535.50015940703451633]],
