{
    "title"     : "日本古城絵図 東山道之部 奥州盛岡城図 (江戸中期－末期)",
    "attr"      : "日本古城絵図 東山道之部 奥州盛岡城図 (江戸中期－末期) 国立国会図書館",
    "width"     : 6144,
    "height"    : 4096,
    "year"      : 1735,
    "gcps": [
        [[2166.80049121203455798,467.44622390770189213],[15713332.55850514583289623,4822488.90719721931964159]],
        [[1590.98497779666740826,1802.16257088846919032],[15713025.79651473462581635,4822815.24974020849913359]],
        [[1577.24016509882267201,2099.96684600843445878],[15712948.77967458963394165,4822859.63232605531811714]],
        [[1604.72979049451191713,1458.54225344235533157],[15713106.72946539521217346,4822764.3403035020455718]],
        [[1613.89299895974158972,1146.99316562454555424],[15713192.88389674760401249,4822718.65234748367220163]],
        [[2154.52229840829386376,954.56578785472174786],[15713188.96778622828423977,4822572.45088822487741709]],
        [[1341.31358024690666753,2104.25679012345653973],[15712976.19244820065796375,4822904.01491190120577812]],
        [[1334.41514077023566642,2979.63485867048575528],[15712752.97414879687130451,4823011.0552660021930933]],
        [[1877.33333333332666371,2958.85432098765522824],[15712686.40027002803981304,4822850.49473485164344311]],
        [[1902.53406561447718559,2109.13005447366413136],[15712893.9541273657232523,4822773.47789470572024584]],
        [[1329.83353653762083013,2640.5961454569869602],[15712810.4104363638907671,4822984.94786256272345781]],
        [[1750.91358024690680395,3368.45432098765559203],[15712554.55788265727460384,4822924.900834652595222]],
        [[1320.67032807239115755,3483.61132425811911162],[15712585.84184249863028526,4823071.02037535887211561]],
        [[1325.25193230500599384,3263.69432109260651487],[15712657.51145197823643684,4823048.11565480381250381]],
        [[3588.56442321674194318,1637.22481851433462907],[15712804.35788634046912193,4822315.80129051208496094]],
        [[3576.41481481481059745,2711.07160493827177561],[15712639.3821957241743803,4822395.64952477067708969]],
        [[2630.79506172839046485,1477.21481481481396258],[15712978.80318854376673698,4822573.7562583964318037]],
        [[4981.37210993165717809,1994.58994865829276932],[15712778.68481233716011047,4821949.42793009709566832]],
        [[4115.44890996745016309,2012.91636558875234186],[15712659.17927859723567963,4822150.82559989672154188]],
        [[4587.35414592677989276,1999.17155289090760562],[15712725.48675169236958027,4822038.09136450570076704]],
        [[4564.44612476370548393,2915.49239941387759245],[15712446.69058789685368538,4821862.77804234437644482]],
        [[2493.56101162179311359,720.90397199136441486],[15713217.68593001179397106,4822460.1890534358099103]],
        [[2493.56101162179311359,478.07894766277729559],[15713282.95443861000239849,4822418.41720793303102255]],
        [[3313.66816925985131093,578.87424078030403507],[15713143.68261731788516045,4822216.15709527488797903]],
        [[3945.92955336070053818,876.67851590026930353],[15713007.52133232913911343,4822094.68540528789162636]],
        [[4211.66259885236195259,2910.91079518126298353],[15712375.42108846083283424,4821980.90063863154500723]],
        [[3964.25597029115988335,1990.00834442567793303],[15712637.40248743630945683,4822218.13568166736513376]],
        [[2999.82827932573400176,2168.69090949765723053],[15712771.29619281552731991,4822493.23032780550420284]],
        [[2903.61459044082221226,2663.50416662006091428],[15712705.53747896291315556,4822530.17342547513544559]],
        [[3311.37736714354377909,2379.4447041979401547],[15712701.10430724173784256,4822428.9493378596380353]],
        [[3311.37736714354377909,1930.44748940168483387],[15712776.46822648867964745,4822390.52851628232747316]],
        [[4575.9001353452422336,2535.21924810684504337],[15712589.22958676889538765,4821950.54511109367012978]],
        [[2039.15061728394516649,946.25185185185034697],[15713235.96111241914331913,4822659.91068974602967501]],
        [[2023.98024691357477423,1158.63703703703572501],[15713178.52482485212385654,4822689.93420370109379292]],
        [[1695.28888888888286601,1826.13333333333275732],[15713012.74281301349401474,4822796.97455780114978552]],
        [[1700.34567901233981502,1613.74814814814749298],[15713062.34687954746186733,4822761.72956315893679857]],
        [[1700.34567901233981502,1947.49629629629589544],[15712972.27633768320083618,4822819.16585072502493858]],
        [[3768.5728395061696574,1285.05679012345558476],[15712956.61189561896026134,4822173.00761560536921024]],
        [[1321.08641975307932626,1790.73580246913570591],[15713051.90391817316412926,4822860.93769622687250376]],
        [[951.94074074073330394,1780.62222222222203527],[15713121.08853728696703911,4822965.36730998381972313]],
        [[941.8271604938196333,1497.44197530864107648],[15713170.69260382279753685,4822932.73305568471550941]],
        [[936.77037037036291167,1264.82962962962847087],[15713277.73295792564749718,4822857.02158571127802134]],
        [[962.05432098764663351,2650.39012345679111604],[15712861.31987307034432888,4823137.67617268208414316]],
        [[962.05432098764663351,3262.2617283950626188],[15712713.81304363533854485,4823234.27356540691107512]],
        [[2104.88888888888277506,2781.86666666666769743],[15712677.26267882250249386,4822785.22622625343501568]]
    ]
}