{
    "title" : "江戸寛政年間 龍野城下町",
    "attr" : "觜崎屋本店",
    "width" : 8468,
    "height" : 5347,
    "year" : 1795,
    "gcps": [
    [[2715.5302951387,2918.2781250005],[14977290.77949195,4145487.284772037]],
    [[2574.3969618054,3253.4697916676],[14977340.941290148,4145426.971176783]],
    [[2453.8455729165,3472.5204861126],[14977379.756971698,4145389.3498216765]],
    [[1905.4837673626,2966.7927083412],[14977253.158134954,4145331.4248847053]],
    [[1849.6184895849,3121.1572916745],[14977274.05889255,4145312.9127984913]],
    [[1041.0421006962,2646.3024305678],[14977115.810343836,4145247.224727133]],
    [[855.8046006962,2953.561458346],[14977148.654358093,4145145.109630137]],
    [[1088.0865451406,3066.7621527922],[14977170.152266838,4145158.8444113587]],
    [[1711.42543403,3443.117708349],[14977303.319888622,4145272.3056271006]],
    [[2303.8914062524,3759.1975694608],[14977420.961257827,4145337.9936968773]],
    [[3619.6657118089,4425.17048612947],[14977625.788586553,4145492.6592481025]],
    [[3840.1865451423,4357.54409724089],[14977641.912023675,4145530.877760457]],
    [[3771.0900173645,4112.0309027964],[14977587.570067279,4145547.0011915886]],
    [[3503.524739588,3393.1329861335],[14977445.44496682,4145570.2906091237]],
    [[3637.3073784769,3762.1378472446],[14977525.464979025,4145556.555823412]],
    [[2747.8733506993,2837.4204861344],[14977283.016271036,4145499.2280602236]],
    [[3246.250434034,2705.1079861395],[14977316.457469836,4145581.6367267864]],
    [[3563.8004340345,3340.2079861407],[14977441.264797488,4145586.414042936]],
    [[4090.1101562573,2980.0239583639],[14977443.65344659,4145694.5007705986]],
    [[4319.4518229247,3415.1850694769],[14977530.839439511,4145694.5007705986]],
    [[4657.5837673693,3094.6947916996],[14977512.924504427,4145778.103777493]],
    [[4342.9740451471,2833.0100694777],[14977445.444944557,4145760.786017123]],
    [[4535.5622395916,3901.8010417025],[14977628.774364538,4145694.5007705986]],
    [[4479.6969618138,3787.1302083692],[14977600.707648491,4145694.5007705986]],
    [[4661.994184036,4160.5454861472],[14977690.282290515,4145682.557490459]],
    [[5223.5872395916,3906.2114583698],[14977693.268101895,4145801.3931754334]],
    [[5017.7677951472,3553.3781250365],[14977613.845251968,4145802.5875142347]],
    [[5591.1219618138,3331.3871528149],[14977631.760175921,4145917.2430471713]],
    [[5642.5768229247,3825.3538194818],[14977720.737655666,4145870.6642368445]],
    [[5341.1983507025,4436.93159726079],[14977784.037057342,4145758.994522466]],
    [[5392.6532118136,4575.12465281635],[14977804.340641532,4145753.620040209]],
    [[5857.2171007028,4408.99895837183],[14977825.241387999,4145847.971995045]],
    [[5823.4039062583,4286.9774305941],[14977803.14631698,4145852.7493166993]],
    [[5782.2400173694,4169.3663194829],[14977787.620042132,4145858.123792437]],
    [[6542.3018229274,4153.1947917095],[14977846.739296742,4145987.1112813037]],
    [[6533.4809895941,4087.0385417095],[14977834.796006685,4145990.6942627663]],
    [[6201.2296007052,4038.5239583762],[14977799.563321056,4145930.9778291727]],
    [[6199.7594618163,3972.3677083762],[14977793.59167603,4145944.7126145153]],
    [[6636.390711817,3888.5697917109],[14977812.700935666,4146034.28725082]],
    [[6648.1518229281,3662.1684028226],[14977779.856899144,4146042.0503935097]],
    [[6649.621961817,3594.5420139337],[14977758.956141548,4146050.410690367]],
    [[6846.620572929,3962.0767361578],[14977827.630025974,4146053.396516067]],
    [[6991.429253486,4581.00520837987],[14977922.579139616,4146065.3397997236]],
    [[6018.1973090426,4910.31631949141],[14977908.24716706,4145824.0854310347]],
    [[5397.7986979317,5013.22604171361],[14977861.66835365,4145715.9986962136]],
    [[4833.2653645985,4925.01770838018],[14977810.909382043,4145628.8127048844]],
    [[3592.4681423764,4616.28854171352],[14977659.826814042,4145456.2322310163]],
    [[3454.275086823,1855.367708377],[14977216.13370646,4145704.0554066277]],
    [[3039.6959201563,2143.5149305992],[14977202.996091854,4145626.424051042]],
    [[2966.1889757119,1937.6954861548],[14977175.526526948,4145621.0495648095]],
    [[3124.9639757119,1711.2940972659],[14977155.22294276,4145675.391523084]],
    [[3072.0389757119,1490.7732639325],[14977122.378906237,4145674.1971978983]],
    [[3219.0528646009,1420.2065972656],[14977125.961891027,4145717.7901839674]],
    [[3004.4125868231,990.9260417101],[14977043.553218585,4145739.885259463]],
    [[2901.5028646009,1035.0302083767],[14977035.790086728,4145716.5958542423]],
    [[2839.7570312676,1270.252430599],[14977060.870980263,4145682.557490459]],
    [[2892.6820312676,317.6024305983],[14976974.879323026,4145809.156318884]],
    [[3130.8445312676,555.7649305983],[14977003.54321248,4145815.725127396]],
    [[2666.2806423787,452.8552083761],[14976977.86514554,4145757.203028092]],
    [[3554.2445312678,1284.9538194869],[14977139.099505637,4145781.0895981556]],
    [[3336.6639757122,1370.2218750425],[14977131.336362647,4145739.885259463]],
    [[4042.3306423789,938.0010417091],[14977131.336362647,4145867.6784193437]],
    [[4359.8806423791,1461.370486153],[14977246.43976991,4145888.579172191]],
    [[4212.8667534902,1187.9246528197],[14977203.443941295,4145882.308944938]],
    [[4453.9695312682,1408.4454861529],[14977249.12701129,4145896.342308465]],
    [[4633.3264757126,1411.3857639307],[14977259.278803382,4145915.152983751]],
    [[4750.9375868237,1364.3413194862],[14977266.146202957,4145939.6367091904]],
    [[4865.6084201571,1323.1774305973],[14977270.9235123,4145963.523289945]],
    [[5418.3806423799,549.8843750413],[14977212.70000111,4146099.9753295025]],
    [[5030.2639757132,746.8829861524],[14977210.311340868,4146036.9744981728]],
    [[5253.7250868244,1170.2829861524],[14977285.554043733,4146031.898591573]],
    [[5421.3209201577,1117.3579861524],[14977301.378899716,4146054.5908411443]],
    [[5577.1556423799,864.4940972635],[14977287.345530562,4146101.7668110756]],
    [[6373.9709201581,138.2454861513],[14977230.91351733,4146254.9394545374]],
    [[5680.0653646027,429.332986151],[14977219.567400683,4146152.5257832785]],
    [[3736.5417534933,1814.2038194804],[14977237.780939167,4145752.425706649]],
    [[4024.6889757161,1670.1302083686],[14977240.468202809,4145810.350631379]],
    [[4195.2250868272,1940.6357639242],[14977301.976117654,4145804.677570138]],
    [[4127.5986979383,1996.501041702],[14977301.08037424,4145787.6583901453]],
    [[4186.4042534939,2099.4107639242],[14977318.99529819,4145786.16547205]],
    [[4015.8681423828,2219.9621528126],[14977319.891052738,4145752.127113103]],
    [[3645.3931423837,2611.0190972562],[14977347.95779105,4145658.670900698]],
    [[3636.5723090503,2537.5121528117],[14977336.014500992,4145665.5382932387]],
    [[4133.4792534948,2399.3190972562],[14977357.512420865,4145754.5157667235]],
    [[4818.5639757177,1964.1579861442],[14977355.123782892,4145893.9536244837]],
    [[4680.3709201622,1755.398263922],[14977308.246388348,4145895.1479460592]],
    [[5803.5570312748,2449.3038194747],[14977411.555818388,4146002.3389333244]],
    [[5862.3625868303,2234.6635416969],[14977407.37566019,4146028.912744489]],
    [[5635.9611979416,1843.606597252],[14977365.872748395,4146028.912744489]],
    [[4015.8681423912,3560.7288194675],[14977528.152164742,4145635.082898211]],
    [[5009.6820312819,2308.1704861306],[14977444.549167745,4145895.446516299]]
]}